<?xml version='1.0' encoding='utf-8'?>
<!DOCTYPE hibernate-configuration PUBLIC
  "-//Hibernate/Hibernate Configuration DTD//EN"
  "http://www.hibernate.org/dtd/hibernate-configuration-3.0.dtd">

<hibernate-configuration>
	<session-factory>

		<property name="connection.driver_class">org.hsqldb.jdbc.JDBCDriver</property>
		<property name="connection.url">jdbc:hsqldb:hsql://localhost/</property>
		<property name="connection.username">sa</property>
		<property name="connection.password"></property>

		<!-- JDBC connection pool (use the built-in) -->
		<property name="connection.pool_size">1</property>

		<!-- SQL dialect -->
		<property name="dialect">org.hibernate.dialect.HSQLDialect</property>

		<!-- Enable Hibernate's automatic session context management -->
		<property name="current_session_context_class">thread</property>

		<!-- Disable the second-level cache -->
		<property name="cache.provider_class">org.hibernate.cache.NoCacheProvider</property>
		<!-- Echo all executed SQL to stdout -->
		<property name="show_sql">true</property>

		<!-- Drop and re-create the database schema on startup -->
		<property name="hbm2ddl.auto">create</property>

		<!-- <property name="hibernate.search.default.directory_provider">filesystem</property> 
			<property name="hibernate.search.default.indexBase">target/indexes</property> -->
		<mapping class="com.home.hibernate.entity.Person" />
		<mapping class="com.home.hibernate.entity.Vehicle" />
		<mapping class="com.home.hibernate.entity.Phone" />
		<mapping class="com.home.hibernate.entity.House" />
		<mapping class="com.home.hibernate.entity.Owner" />
		<mapping class="com.home.hibernate.entity.CarOwner" />
		<mapping class="com.home.hibernate.entity.Car" />
		<mapping class="com.home.hibernate.entity.TwoWheeler" />
		<mapping class="com.home.hibernate.entity.FourWheeler" />


	</session-factory>
</hibernate-configuration>


